Accidente en el Vallado frente al polideportivo; 2 motos y un bus #TráficoCali #Cali  https://t.co/SXtotJzir0
Vitor Belfort abruma a Evander Holyfield en la victoria por nocaut técnico en el primer asalto  https://t.co/b5S3U0XE2w  https://t.co/HoV6xdMfjZ
"En México, las estadísticas de violencia homicida y de inseguridad están en alza casi constante desde 2006.   La política pública no ha encontrado la solución a la violencia. ¿Por qué están funcionando las estrategias de seguridad?    ✍🏻 @romainlecour  https://t.co/2kOc58Ky3V  https://t.co/qrQ5K1gKP4"
"Como Jorge Armando Ayala Guarín de  25 años, fue identificada la persona asesinada por dos venezolanos en #Piedecuesta . #Santander. Los responsables de este homicidio fueron identificados como Alberto Rafael Sala Figueroa y Edgardo Rafael Garcia Goita.  https://t.co/BPHm0Kj9Ji  https://t.co/wOR9GbcJ5u"
Quebrar un vidrio ///// Quebrar el país a plomo y asalto.   En fin... La berraquera mi Colombia.  https://t.co/PATYP4tLuD
"#EsNoticia 📌 En aparente estado de embriaguez,el empresario Rafael Vives Cabello, sería responsable del trágico accidente de tránsito que se presentó en la madrugada de este lunes en Santa Marta.  https://t.co/VzzpVpJ7IY"
@DiloneMarrero Por último ponga la queja en CNN en español que nada más recoge a PRMistas ligado al Narcotrafico y lavado de dinero de droga.  Pongan la queja y luego hablamos. Busque que diarios recojan esto de PLDistas o su gobierno.  https://t.co/SRt2QP6Xww
"174 aniversario de la Gesta Heroica de los Niños Héroes de Chapultepec. Con orgullo, coraje y dignidad resguardaron el Castillo de Chapultepec frente al asalto de tropas invasoras.  #ChiapasSinCorrupción  https://t.co/RQyhCTa9Xy"
SigAlert en Lake Elsinore. En la I-15 norte cerca de Lake St. Los carriles # 2 y # 3 están cerrados por una duración desconocida debido a un accidente de tráfico.  https://t.co/i8muQMroSq
LO ÚLTIMO Al menos dos personas resultaron heridas tras accidente de tránsito entre un vehículo tipo pick up y una motocicleta.  El hecho de tránsito se registró a la altura de la aldea Chiyuc de San Cristóbal Verapaz.  https://t.co/8ENfu2ysJU
@javiertarazona de @FundaREDES_ en conversación con El Tiempo de Bogotá @BogotaET denuncia un nuevo secuestro de militares venezolanos por parte de los grupos armados irregulares que se disputan el control del territorio en la zona fronteriza del estado #Apure #60DiasDeConflicto  https://t.co/b98nwUAaw6
"El ministro de seguridad @RamirezLan asegura que las investigaciones sobre el asesinato del padre Cecilio Pérez, avanzan considerablemente y no descarta que el escrito encontrado en la escena sea una forma de distracción para las autoridades. @Teleprensa33  https://t.co/9a1lBImCDf"
(#VIDEO) 🔴 #INSEGURIDAD EN #LAMATANZA 📣 Nuevo #asalto violento para sustraerle la camioneta y los vecinos viven atemorizados por la ola de #robos‼ / Infocom La Matanza #RafaelCastillo Ver video 👇👇👇👇👇👇👇  https://t.co/YEVtZJvG7j  https://t.co/ow0FvtTovq
"Los hermanos Uribe Noguera consultaron con varios abogados, llegaron a comprar aceite para sumergir el cuerpo de Yuliana xa desaparecer evidencias y ADN, ingresaron a Rafael por drogas y crisis de salud mental xa evadir el secuestro, violación y asesinato de Yuliana  https://t.co/Xewq9Oi5yC"
"Ellos tienen armas de fuego, nosotras fuego en el alma🔥 y si tocan a una RESPONDEMOS TODAS!! Una agenda que se manifiesta en contra de la violencia y represión policial que toma el cuerpo de las mujeres como botín de guerra. Propuesta liderada desde las nuevas generaciones ✊🏻✊🏽  https://t.co/Y3CX8EHFyM"
DEJAN EN PRISIÓN A 'ASALTA-TAXISTA' DE AGS  #Aguascalientes #Asalto #VinculaciónAProceso    https://t.co/nqf3ztgjbJ  https://t.co/NmpdnKTaP6
"Mientras el gobierno está entre la espada y la pared, pues ya se comienza a cuestionar su legalidad por su vínculo con #narcotrafico los infelices están siendo atropellados y desalojados como esta anciana que grita auxilio en Palacio Nacional  https://t.co/KrO6Qj8e1s"
"Sigue Accidente de 18 ruedas bloquea el carril derecho en #Lewisville en I-35E SB en Hwy 121 Sam Rayburn Tollway, tráfico detenido de regreso a FM 3040 / Round Grove Rd / Hebron Pkwy  https://t.co/f5TPMx3ZiD"
Accidente en Periférico Pte. Manuel Gómez Morín #TraficoACIRGuadalajara. Tráfico avanzando27m más lento de lo habitual.  https://t.co/hzH5ykT158  https://t.co/NfwxOGaLTF
"#174ANIVERSARIO El 13 de septiembre de 1847, los Niños Héroes nos dieron una lección de orgullo, coraje y dignidad, al resguardar el Castillo de #Chapultepec frente al asalto de tropas invasoras.  https://t.co/AKv5SGYy8P"
"🔵#LaLibertad. Ever Alexander García, quien ocasionó un accidente en el desvío de San Juan Opico hacia el municipio de Quezaltepeque, cuando realizó un viraje indebido, ocasionando lesiones y daños materiales.  Será remitido por el delito de lesiones culposas.  https://t.co/i1VuIbg0hN"
"#SeguridadyJusticia Autobús de transporte público protagonizó aparatoso accidente esta mañana en las inmediaciones del fraccionamiento Real Ibiza, Playa del Carmen. Se estrelló y aplastó un auto particular tras esquivar a  motociclista, 4 lesionados, entre ellos una embarazada.  https://t.co/inaoZRyxwc"
"En caso de violencia contra niñas, niños y adolescentes al interior del hogar, llama a la línea de emergencia 9-1-1 o a la Procuraduría de Protección de Niñas, Niños y Adolescentes en el estado.  https://t.co/vVShAlvE6r"
Accidente en Bogotá-Mosquera / RN50-08A &gt;Oriente #traficobogota. Tráfico avanzando1h 7m más lento de lo habitual.  https://t.co/Bv3qqTFD8B  https://t.co/tdFlkioxjK
#Entérate #Oaxaca / Reporte ciudadano. Se registra un fuerte accidente antes del paso a desnivel de 5 señores. #EnlaceCiudadanoNoticias  https://t.co/Oax87KZ3Vh
"#2Septiembre | Policia Nacional de #Nicaragua presenta a 16 sujetos que fueron capturados en el Dpto de Chinandega por cometer delitos como;robo con intimidación,robo con fuerza, tráfico de drogas y delitos contra la Mujer  #JuntoALaComunidad #2021SoberaniaEnMiTierra @vppolicial  https://t.co/i9OikTnN5b"
"Un hombre fue Ejecutado en camión urbano en el Zócalo de Acapulco, no cesa la violencia en este puerto turístico, ante la complacencia gubernamental.@ultimas_de @SSPGro  https://t.co/6qphC8lTJ3  https://t.co/PKHae22s2h"
"Recuerde que la línea de atención 165 de @GaulaPolicia, se encuentra disponible las 24 horas para atender sus denuncias frente a los hechos de extorsión y secuestro. #YoNoPagoYoDenuncio.  https://t.co/LpMeZO0Gdc"
Acusan a mayor de la Policía por muerte de joven de 19 años en el paro. Audiencia preparatoria por homicidio de Santiago Murillo seguirá en noviembre. Le contamos los detalles ➡️   https://t.co/12uXGvoNaf  https://t.co/DyLLxTO3EZ
"Citas #FGJCDMX para seguimiento y trámites en Cuarto Piso: Fiscalía de Procesos Juzgados Civiles, Juzgados Familiares, Mediación de Justicia, Mandamientos Judiciales, Procesos Juzgados Delitos No Graves, Fiscalía de Violencia Familiar.  https://t.co/VBOjm31OEn  https://t.co/ZpBnXmMnh3"
"#PrecauciónVial en #Puebla se registra cierre parcial de circulación por accidente, aproximadamente en el km 136+550 autopista (2100) Puebla-Córdoba, mismo tramo, dirección Córdoba. Atienda indicación vial  https://t.co/T8GVxVJt1G"
"Unos dos millones de personas perdieron la vida en 2016 en un accidente laboral o por una enfermedad profesional, un tipo de decesos que no ha dejado de aumentar desde el 2000 y podrían acentuarse con la pandemia de covid-19 #VíaAFP  https://t.co/tvRym7Bk5Q"
"#PrecauciónVial en #Tamaulipas se registra cierre de circulación por accidente, aproximadamente en el km 023+200 carretera (2760) Urracas Ent. Matamoros- Reynosa, mismo tramo. #RutaAlterna camino de terracería paralelo a la carretera. Atienda indicación vial.  https://t.co/NVS1Ixk6ny"
"@Soy_Militar sonará feo, pero si estos son los migrantes que van a entrar al país prefiero que los saque ahora la GN a qué los tengan que combatir a balazos después de que los reclute el crímen organizado y el narcotráfico, al qué tanta guerra hizo @FelipeCalderon  https://t.co/SSw0c7ZxaA"
"@AABenedetti es un sujeto siniestro el del partido de la U debe saber todos los torcidos de su amo @JuanManSantos @RoyBarreras ex fiscal Nestor h. martinez y Luis Carlos Sarmiento, la mermelada de la campaña presidencial, Odebreths, asesinato ING. Pizano y su hijo, torcido FARC  https://t.co/XslpHhPWUE"
"#Infórmate | Recuperan vehículo robado con violencia en #Escobedo  Elementos de la policía de Escobedo, atendieron un reporte de robo de un vehículo en las calles de Fuente de Trevi y Fuente de la Luz en la Colonia Fuentes de Escobedo. 👇  https://t.co/NT0ONl6rvF  https://t.co/iSej9DgVFA"
"#Seguridad 🚨 Elementos de la PID detienen a 3 en San Juan del Río, relacionados con robo de vehículo  Tras una persecución y sin que ninguna persona resultara con lesiones graves o que pongan en riesgo su vida, se logró el aseguramiento.  👉🏼 https://t.co/OzrpVAX9CR  https://t.co/QC2q7RfuhG"
😱Fiscalía de CDMX investiga presunto robo de 52 mdp a empresa fantasma vinculada a exfuncionario de Hacienda  La nota👇  https://t.co/nzaHh7uS3H  https://t.co/hfi0gOGuhg
Accidente grave en MEX-15 / Guadalajara - Tepic #TraficoACIRGuadalajara. Tráfico avanzando 1h 21m más lento de lo habitual.  https://t.co/rZ3S1uaA5R  https://t.co/o4CU970ITe
"#TraficoSV | Se reporta accidente de tránsito sobre el Bulevar Constitución en San Salvador. Hay al menos una persona fallecida, reporta, @RED_Informa_SV.  https://t.co/MOROG7EZcG"
"🚨👮‍♂️Atención👮‍♂️🚨  Hace pocos minutos se presentó un accidente de tránsito en la Calle 25 con Autopista sur, en le hecho un taxi termina volcado sobre la vía @MovilidadCali se desplaza para atender el caso #Cali #YaCelacanto  https://t.co/aIaKPGLJZI"
"El control de tu vehículo en la palma de tu mano, estos y más veneficios puedes tener con este novedoso sistema; 'GPS' que te ayudará a disminuir la posiblidad de un robo.   #GS3 #SeguridadVehícular #GPS #ControlVehicular  https://t.co/U8ccNMOhWV"
Ya se tiene identificado al responsable del accidente del Mercedes Benz en el que murieron dos personas en una llantera frente a la Central Camionera en la ciudad de #Durango: @DgoFiscalia... #LobosCadena7  https://t.co/Qdy8L5pfdM
"Salvar el fuego. @G_Arriaga premio Alfaguara 2020. La trama se narra desde puntos de vista de distintos personajes. Nos sumerje en un México violento, a través del narcotrafico, un México artístico, reflejado en la danza, y de como esos dos mundos distantes pueden acercarse.  https://t.co/VOocRo3atj"
El Gobierno destina este año casi 500.000 euros para erradicar la violencia contra las mujeres en Zamora  https://t.co/KRWsttHu2Z  https://t.co/E94TuC6gI8
"Dos policías municipales de Manzanillo quedaron vinculados a proceso por estar implicados en el secuestro y feminicidio de una joven de 19 años, así lo confirmó la Fiscalía General de Colima.  https://t.co/dzupKy1Uvt  https://t.co/kQjgCO0mjG"
el suicidio es un evento inesperado y multicausal que revela lo mucho que los sistemas de salud tienen por hacer en el terreno de la salud mental; la tasa de mortalidad por suicidio en la #CDMX es de 4.7 por cada 100 mil habitantes (+)  https://t.co/Y3qrSvmrag  https://t.co/15tJtjZMgA
"#PrecauciónVial en #Jalisco se registra cierre parcial de circulación por accidente, aproximadamente en el km 025+800 autopista (54-D) Acatlán de Juárez-Colima, mismo tramo, dirección Guadalajara. Atienda indicación vial.  https://t.co/7x5IgJaAOO"
"🆘 De acuerdo con cifras oficiales, la violencia en contra de las mujeres por parte de su pareja 📈 hasta un 100%. Dejemos de normalizar la violencia.🆘  https://t.co/7cTcYCfum5"
Hamilton después del accidente #F1  https://t.co/Vj0EuFTELu
